{"X0m4U4MDPKTxfCFcP6iTOg==":"marginalfields_enterprise_portal_white.svg","heM0kmPaHwAnPbJAXiU4BQ==":"marginal-oil-fields-750x499.jpg","FGN7Iah4ew0o3IeRCvqCTg==":"definition-337x225.jpg","PzCQVqBe+FfYNldE1RTcKg==":"objective-337x225.jpg","68oGSrf/W8wvX3o+icDOMQ==":"up-2081170-1280x720.jpg","8Pd16/5r6EEv5bF2NLOLxg==":"key-point-523x700.jpg","niOFGj8qoGR4l/PBFzY11w==":"substain-337x225.jpg","XzqRR7Lbu9LA7gEagjUDlQ==":"marginal-fields-750x499.jpg","6wkGH4r3Q02Oqa0sSI7o5A==":"marginal-fields-750x391.jpg","gINnQvwxTl/3qyjGYezVcw==":"marginal-fields-750x499.jpg"}